<?xml version="1.0" encoding="UTF-8"?>
<project-private xmlns="http://www.netbeans.org/ns/project-private/1">
    <editor-bookmarks xmlns="http://www.netbeans.org/ns/editor-bookmarks/2" lastBookmarkId="1">
        <file>
            <url>src/Vista/frmproducto.java</url>
            <bookmark id="1">
                <name/>
                <line>403</line>
                <key/>
            </bookmark>
        </file>
    </editor-bookmarks>
    <open-files xmlns="http://www.netbeans.org/ns/projectui-open-files/2">
        <group>
            <file>file:/C:/Users/Sandro/Desktop/Integrador-Hotel/SistemaHotel/src/Crud/fIncidencia.java</file>
            <file>file:/C:/Users/Sandro/Desktop/Integrador-Hotel/SistemaHotel/src/Vista/frmproducto.java</file>
            <file>file:/C:/Users/Sandro/Desktop/Integrador-Hotel/SistemaHotel/src/Vista/frmReserva.java</file>
            <file>file:/C:/Users/Sandro/Desktop/Integrador-Hotel/SistemaHotel/src/Vista/frmproveedor.java</file>
            <file>file:/C:/Users/Sandro/Desktop/Integrador-Hotel/SistemaHotel/src/Vista/frmvistahuesped.java</file>
            <file>file:/C:/Users/Sandro/Desktop/Integrador-Hotel/SistemaHotel/src/Vista/frmhuesped.java</file>
            <file>file:/C:/Users/Sandro/Desktop/Integrador-Hotel/SistemaHotel/src/Vista/frmPedido.java</file>
            <file>file:/C:/Users/Sandro/Desktop/Integrador-Hotel/SistemaHotel/src/Vista/frmusuario.java</file>
            <file>file:/C:/Users/Sandro/Desktop/Integrador-Hotel/SistemaHotel/src/Vista/frmempleado.java</file>
            <file>file:/C:/Users/Sandro/Desktop/Integrador-Hotel/SistemaHotel/src/Vista/frmConsumo.java</file>
            <file>file:/C:/Users/Sandro/Desktop/Integrador-Hotel/SistemaHotel/src/Vista/frmconsultareserva.java</file>
            <file>file:/C:/Users/Sandro/Desktop/Integrador-Hotel/SistemaHotel/src/Vista/frmIncidencias.java</file>
            <file>file:/C:/Users/Sandro/Desktop/Integrador-Hotel/SistemaHotel/src/Vista/hb.java</file>
            <file>file:/C:/Users/Sandro/Desktop/Integrador-Hotel/SistemaHotel/src/utils/Conexion.java</file>
            <file>file:/C:/Users/Sandro/Desktop/Integrador-Hotel/SistemaHotel/src/Vista/frmvistaproveedor.java</file>
        </group>
    </open-files>
</project-private>
