<?xml version="1.0" encoding="UTF-8"?>
<project-private xmlns="http://www.netbeans.org/ns/project-private/1">
    <editor-bookmarks xmlns="http://www.netbeans.org/ns/editor-bookmarks/2" lastBookmarkId="0"/>
    <open-files xmlns="http://www.netbeans.org/ns/projectui-open-files/2">
        <group>
            <file>file:/C:/Users/Leonardo/Documents/NetBeansProjects/SistemaHotel/src/Modelo/producto.java</file>
            <file>file:/C:/Users/Leonardo/Documents/NetBeansProjects/SistemaHotel/src/Crud/fproveedor.java</file>
            <file>file:/C:/Users/Leonardo/Documents/NetBeansProjects/SistemaHotel/src/Vista/frmvistaproducto.java</file>
            <file>file:/C:/Users/Leonardo/Documents/NetBeansProjects/SistemaHotel/src/Vista/frmpago.java</file>
            <file>file:/C:/Users/Leonardo/Documents/NetBeansProjects/SistemaHotel/src/Modelo/Huesped.java</file>
            <file>file:/C:/Users/Leonardo/Documents/NetBeansProjects/SistemaHotel/src/Vista/frmconsulta.java</file>
            <file>file:/C:/Users/Leonardo/Documents/NetBeansProjects/SistemaHotel/src/Vista/frmvistareserva.java</file>
            <file>file:/C:/Users/Leonardo/Documents/NetBeansProjects/SistemaHotel/src/utils/Conexion.java</file>
            <file>file:/C:/Users/Leonardo/Documents/NetBeansProjects/SistemaHotel/src/Vista/frmhuesped.java</file>
            <file>file:/C:/Users/Leonardo/Documents/NetBeansProjects/SistemaHotel/src/Crud/fpago.java</file>
            <file>file:/C:/Users/Leonardo/Documents/NetBeansProjects/SistemaHotel/src/Vista/frmReserva.java</file>
            <file>file:/C:/Users/Leonardo/Documents/NetBeansProjects/SistemaHotel/src/Vista/frmvistahabitacion.java</file>
            <file>file:/C:/Users/Leonardo/Documents/NetBeansProjects/SistemaHotel/src/Vista/frmusuario.java</file>
            <file>file:/C:/Users/Leonardo/Documents/NetBeansProjects/SistemaHotel/src/Crud/fconsumo.java</file>
            <file>file:/C:/Users/Leonardo/Documents/NetBeansProjects/SistemaHotel/src/Vista/frmConsumo.java</file>
            <file>file:/C:/Users/Leonardo/Documents/NetBeansProjects/SistemaHotel/src/Vista/frmgod.java</file>
            <file>file:/C:/Users/Leonardo/Documents/NetBeansProjects/SistemaHotel/src/Modelo/Consumo.java</file>
            <file>file:/C:/Users/Leonardo/Documents/NetBeansProjects/SistemaHotel/src/Vista/frmHabitaciones.java</file>
            <file>file:/C:/Users/Leonardo/Documents/NetBeansProjects/SistemaHotel/src/Vista/frmproveedor.java</file>
            <file>file:/C:/Users/Leonardo/Documents/NetBeansProjects/SistemaHotel/src/Crud/fproducto.java</file>
            <file>file:/C:/Users/Leonardo/Documents/NetBeansProjects/SistemaHotel/src/Vista/frmproducto.java</file>
            <file>file:/C:/Users/Leonardo/Documents/NetBeansProjects/SistemaHotel/src/Vista/frmhabitacion.java</file>
            <file>file:/C:/Users/Leonardo/Documents/NetBeansProjects/SistemaHotel/src/Crud/fhabitacion.java</file>
            <file>file:/C:/Users/Leonardo/Documents/NetBeansProjects/SistemaHotel/src/Vista/frmvistahuesped.java</file>
            <file>file:/C:/Users/Leonardo/Documents/NetBeansProjects/SistemaHotel/src/Modelo/Pago.java</file>
            <file>file:/C:/Users/Leonardo/Documents/NetBeansProjects/SistemaHotel/src/Crud/freserva.java</file>
            <file>file:/C:/Users/Leonardo/Documents/NetBeansProjects/SistemaHotel/src/Modelo/Proveedor.java</file>
            <file>file:/C:/Users/Leonardo/Documents/NetBeansProjects/SistemaHotel/src/Crud/fusuario.java</file>
            <file>file:/C:/Users/Leonardo/Documents/NetBeansProjects/SistemaHotel/src/Vista/frmusuariologin.java</file>
            <file>file:/C:/Users/Leonardo/Documents/NetBeansProjects/SistemaHotel/src/Vista/frminicio.java</file>
            <file>file:/C:/Users/Leonardo/Documents/NetBeansProjects/SistemaHotel/src/Controlador/Controlador.java</file>
        </group>
    </open-files>
</project-private>
